{
  "logreg": {
    "auc": 0.812962962962963,
    "accuracy": 0.7077922077922078,
    "precision": 0.6,
    "recall": 0.5,
    "f1": 0.5454545454545454
  },
  "gbm": {
    "auc": 0.83,
    "accuracy": 0.7662337662337663,
    "precision": 0.6875,
    "recall": 0.6111111111111112,
    "f1": 0.6470588235294118
  },
  "mlp": {
    "auc": 0.8200000000000001,
    "accuracy": 0.7337662337662337,
    "precision": 0.6274509803921569,
    "recall": 0.5925925925925926,
    "f1": 0.6095238095238096
  }
}